{"accuracy": [0.595689594745636, 0.852265477180481, 0.9123977422714233, 0.9405932426452637, 0.9573511481285095, 0.9651326537132263, 0.9704388380050659, 0.9760153889656067, 0.9792730808258057, 0.9807098507881165], "loss": [1.380937099456787, 0.46662434935569763, 0.2700434625148773, 0.18548081815242767, 0.1344565898180008, 0.10573416948318481, 0.08761738240718842, 0.0738140344619751, 0.06266611814498901, 0.05971329286694527], "val_accuracy": [0.8174368143081665, 0.9076940417289734, 0.9172547459602356, 0.9446278214454651, 0.9502617716789246, 0.9620987772941589, 0.9601638913154602, 0.9660823941230774, 0.9479854106903076, 0.9650580286979675], "val_loss": [0.582032322883606, 0.2877211570739746, 0.25100839138031006, 0.17402903735637665, 0.1533963829278946, 0.1224762350320816, 0.13123075664043427, 0.10906211286783218, 0.17211061716079712, 0.11993525177240372]}